,STATION,ENTRIES,EXITS,Station_Latitude,Station_Longitude,ENTRY_COUNT
0,103rd St,1396278135.857143,4156207246.857143,5962.057445142841,-10808.93820600003,75428.0
1,104th St-102nd St,28940236997.904762,21051090326.57143,2189.7881495238075,-3973.5282333333284,5935.0
2,110th St,225154184.0952381,217344200.66666666,1488.0469200000002,-2697.204547619048,17967.0
3,110th St-Central Park North,2638586162.2380953,2090237249.5714285,1453.224195238095,-2634.0934693333347,14655.0
4,111th St,648498321.7619047,310051552.3333333,2928.276123714289,-5312.700823571427,20102.0
5,116th St,2464561990.095238,2506638692.3333335,5263.855964999996,-9540.179777999998,45248.0
6,116th St-Columbia University,7460505738.095238,1604653221.4285715,1492.3966902857137,-2704.9731657142847,21152.0
7,121st St,11826710210.333334,3189901437.571429,1476.846423999998,-2678.9123822857127,3171.0
8,125th St,31232690030.38095,19079363175.714287,10676.963468857188,-19347.34154485726,125363.0
9,135th St,1519414871.6190476,288583247.61904764,5607.601151904747,-10158.998445952366,25042.0
10,137th St-City College,1244092726.857143,4072477661.857143,2445.4326697142883,-4430.177352761907,21930.0
11,138th St,5901376420.809524,5697523649.333333,726.8640845714287,-1316.6554060000008,4939.0
12,138th St-3rd Ave,155099500.42857143,119437352.47619048,975.564712,-1767.1867274285719,11687.0
13,145th St,5639156658.619047,11794329690.52381,4793.99594657143,-8683.163650285702,59965.0
14,149th St-3rd Av,30659355622.38095,20213263748.285713,3632.6337009999966,-6578.680373000008,28012.0
15,149th St-Grand Concourse,1760132846.8095238,9831287.476190476,1663.8347142857158,-3013.419640761904,18246.0
16,14th St,27569992804.52381,19520963646.666668,12829.501209952417,-23303.48457,115872.0
17,14th St-Union Square,5021280413.142858,1908664418.857143,9324.360624333345,-16936.652116999925,172224.0
18,155th St,225336154.66666666,167330199.23809522,1959.8648640000001,-3549.1926720000038,9087.0
19,157th St,247992819.19047618,156292290.14285713,1960.0339680000013,-3549.354720000004,19378.0
20,163rd St - Amsterdam Av,116217764.1904762,62915426.23809524,2006.798353142859,-3633.617549714286,7002.0
21,167th St,11241661453.238094,5472657068.571428,2780.585222380951,-5033.49322666667,25873.0
22,168th St,517669375.7619048,307732678.4285714,4171.571077142865,-7552.456442142861,27843.0
23,169th St,175318894.19047618,114918122.23809524,3710.4685514285716,-6725.759907428587,13283.0
24,170th St,7891285586.428572,8627968692.238094,3391.6071268571386,-6138.331885714291,21269.0
25,174-175th Sts,103140341.09523809,47691511.809523806,2186.228171428572,-3955.9520411428543,6307.0
26,174th St,4292568452.8095236,1925095638.3333333,1458.4745714285696,-2638.8476428571403,11324.0
27,175th St,2273199361.6666665,1854451604.0,3936.9104468571354,-7126.379090285722,17028.0
28,176th St,97640147.23809524,61973656.76190476,972.5828571428572,-1759.8046190476202,7573.0
29,181st St,618762817.5238096,576980361.7619047,2750.680796666665,-4978.489912666666,39698.0
30,182nd-183rd Sts,8660456713.190475,10761354534.285715,712.0633351428571,-1287.9843431428574,5797.0
31,183rd St,27523731120.95238,16439446622.190475,980.6017679999994,-1773.693096,7302.0
32,18th Av,11651821174.904762,5016777229.523809,3391.731015047621,-6180.906902095246,15473.0
33,18th St,152680905.23809522,56212897.52380952,1938.109474285712,-3520.1844347142855,12649.0
34,190th St,7891563095.333333,10029254720.904762,665.4183582857139,-1204.0709314285712,5267.0
35,191st St,90070888.95238096,112500553.42857143,988.3073476190475,-1788.3876807619044,14742.0
36,1st Av,8543530763.190476,8850212805.047619,2451.6154567619064,-4452.9894186666625,29415.0
37,207th St,942250459.4285715,47253840.952380955,1447.774896,-2618.8381588571438,7990.0
38,20th Av,175894545.66666666,117733133.52380952,1450.1627142857149,-2642.7917142857164,9546.0
39,215th St,44169791.76190476,1006982846.0,965.2973440000006,-1745.8084944761913,2171.0
40,219th St,77342216.0,45074458.190476194,735.9101100000005,-1329.5273940000002,4361.0
41,21st St,287884906.28571427,255846259.66666666,1727.2019366666652,-3133.767811428573,18662.0
42,225th St,11671637595.952381,3966452336.2380953,730.1432499999997,-1318.9346607142859,5415.0
43,231st St,286991688.95238096,17087623.85714286,2472.1974819047605,-4469.4828180952345,9626.0
44,233rd St,601518825.4285715,36491720.571428575,1226.79579,-2215.7241900000004,5421.0
45,238th St,141182759.9047619,6829212.238095238,1469.9011230952394,-2656.9122309523786,3693.0
46,238th St-Nereid Av,85964451.28571428,34677329.9047619,736.1708219999999,-1329.3787679999998,4108.0
47,23rd St,39543912282.04762,43503187042.809525,17652.62457128579,-32058.525764571692,176797.0
48,23rd St-Ely Av,29003956.23809524,23483444.0,2002.4655748571424,-3633.9177142857116,16312.0
49,25th Av,56422800.61904762,15934992.142857144,742.358016,-1352.902015999999,5356.0
50,25th St,124066815.23809524,134229620.95238096,1492.817432714287,-2716.7870552857125,5978.0
51,28th St,15670061199.095238,20285245528.61905,9313.255771428558,-16911.700800000013,76766.0
52,2nd Av,790810934.1428572,546315758.6190476,2416.255185333335,-4390.069654666669,31220.0
53,30 Av-Grand Av,202299698.04761904,278898942.0952381,5557.870870333323,-10077.961636999997,35126.0
54,33rd St,3045789121.3809524,985962490.6190476,9309.509363714278,-16903.14288800005,76926.0
55,34th St-Herald sq,30095128840.42857,37697385763.85714,14262.40164999995,-25895.73804999996,195278.0
56,34th St-Hudson Yd,104693888.38095239,77914095.76190476,7343.814036952406,-13334.448591619042,23040.0
57,34th St-Penn Stn,22641523870.857143,24013128540.761906,24413.354414904694,-44327.689910332985,271958.0
58,36 Av-Washington Av,216205191.04761904,193948236.23809522,1478.8897451428586,-2682.5874357142884,10026.0
59,36th St,931755284.4285715,203597455.3809524,3910.6376609523745,-7118.436618095239,25630.0
60,39 Av-Beebe Av,46781037.61904762,40993878.47619048,1455.460071428571,-2640.4555357142854,3729.0
61,3rd Av,145696997.66666666,154255413.3809524,1429.5290339523806,-2596.5605673333325,8935.0
62,42nd St,57421159284.61905,46404766772.7619,17671.204254285793,-32079.8351035712,219760.0
63,45 Rd-Court House Sq,16983575020.619047,7668704202.666667,5865.630977571415,-10644.596812952375,29329.0
64,45th St,67040852.61904762,59257190.28571428,967.8318809523811,-1762.1430000000003,11104.0
65,46th St,148738164.42857143,165807324.47619048,3662.245749714284,-6641.640922428587,13734.0
66,47-50th Sts Rockefeller Center,13382784282.380953,13350408749.047619,8743.703657857117,-15870.756530714312,98459.0
67,49th St,587194622.9523809,951304914.9047619,6088.752830333342,-11051.821144904776,35291.0
68,4th Av,365247184.9047619,282247869.04761904,3637.084324571423,-6616.800236285696,21094.0
69,50th St,1058016185.5238096,851112555.8095238,8543.289900000029,-15556.523917380875,81856.0
70,51st St,505582006.38095236,632651887.1428572,5585.664473619056,-10137.675512380947,36385.0
71,53rd St,717121426.0,869591224.9047619,1919.9956403809515,-3496.2819870476164,16461.0
72,55th St,77796561.66666667,56521260.52380952,760.3882835714288,-1384.7724794285723,2842.0
73,57th St,567625945.4285715,366407669.28571427,7058.1103954285845,-12809.222499428613,76230.0
74,59th St,24690092301.04762,14056979138.47619,12819.446756571484,-23347.35446399995,102560.0
75,59th St-Columbus Circle,20475613942.95238,17936501884.809525,9995.985895380947,-18139.664400999973,117650.0
76,5th Av,6900485806.333333,3111610877.2380953,2480.829926571428,-4501.806546000005,19489.0
77,5th Av-53rd St,1608615239.0,932181984.1904762,8586.808514666696,-15584.113855999969,66809.0
78,63rd Drive-Rego Park,330532954.14285713,112898880.0,3607.500645714291,-6542.02778285714,18354.0
79,65th St,137896693.52380952,84187040.09523809,727.6726607142858,-1319.6152321428572,5684.0
80,66th St-Lincoln Center,6019683579.857142,1590199046.7142856,5607.31879619047,-10174.315218666643,40438.0
81,67th Av,278657193.28571427,179159064.80952382,2404.804215238094,-4360.827217142859,11605.0
82,68th St-Hunter College,429167040.1904762,348201215.2380952,3424.523844000001,-6212.965079999992,37775.0
83,6th Av,7296196914.285714,7220071183.476191,1212.4206845238105,-2202.2852976190466,7525.0
84,71st St,155874452.33333334,91400627.47619048,1181.8366132857147,-2153.0145668571427,6687.0
85,72nd St,23198594591.95238,30082406731.285713,11184.162925714303,-20290.67245714277,132468.0
86,75th Av,2844422773.6190476,5818401509.428572,2431.4660511428588,-4409.14306171429,3868.0
87,77th St,1800632170.047619,730566661.6190476,4728.528068952386,-8615.159354285728,49868.0
88,79th St,799208338.3333334,850892682.0952381,3413.468060238092,-6219.575078571431,28487.0
89,7th Av,11503970369.809525,5178083236.904762,5210.536404761898,-9475.507963333353,65457.0
90,80th St-Hudson St,809807669.0952381,55350603.76190476,1708.5335819999991,-3102.077663999997,5889.0
91,81st St - Museum of Natural History,296111055.2380952,245036121.6190476,2532.3327920000047,-4593.317832000001,18306.0
92,82nd St-Jackson Heights,193283517.04761904,123830313.09523809,2423.515528142861,-4394.32083585715,27770.0
93,86th St,14642267711.52381,15732562948.333334,18580.043268333116,-33859.17918047597,180276.0
94,88th St-Boyd Av,69555524.09523809,58812500.571428575,732.237174,-1329.3264600000005,3420.0
95,8th Av,1194589981.047619,541338759.2857143,4694.317393523815,-8550.115728285722,46707.0
96,8th St,651559475.0952381,339346758.85714287,2856.941578285718,-5190.054405571432,24996.0
97,90th St Elmhurst,371515139.28571427,193454428.47619048,2182.950428571427,-3957.6756964285673,21125.0
98,96th St,5595435287.666667,1062135937.1904762,12808.576843999936,-23224.91548600003,129041.0
99,9th Av,186412594.14285713,180838838.76190478,1815.5343759999987,-3305.0798053333365,9546.0
100,9th St,10194843.523809524,8600136.761904761,1160.0874929999995,-2110.428233238095,10187.0
101,Alabama Av,46575782.666666664,50415052.0952381,732.1858560000001,-1330.1757719999998,3862.0
102,Allerton Av,178679920.14285713,29765075.04761905,735.5783159999996,-1329.6123359999995,6584.0
103,Aqueduct Racetrack,321684542.1904762,101962360.90476191,1440.9554982857155,-2615.8973394285704,1837.0
104,Aqueduct-North Conduit Av,34873952.9047619,128692658.23809524,1220.0470199999993,-2215.0217399999988,2344.0
105,Astor Place,244640644.9047619,209545247.7142857,2942.2615199047664,-5344.973961428574,31518.0
106,Astoria Blvd-Hoyt Av,363933751.47619045,199561088.23809522,1753.121094,-3178.4672490000007,16189.0
107,Atlantic Av,20238251.19047619,8320266.571428572,726.3454464285711,-1319.698160714285,1916.0
108,Atlantic Av-Barclays Ctr,5995941900.857142,1816228353.5238094,12083.048802000063,-21971.706570000086,75278.0
109,Av H,710467051.0952381,10822412.523809524,3627.6133928571353,-6603.717767857148,5644.0
110,Av I,58998048.76190476,6032622953.333333,1218.75966,-2219.2838099999985,2203.0
111,Av J,137917875.76190478,86439561.57142857,3093.306541000002,-5631.586856999995,8022.0
112,Av M,766473853.8571428,34098131.47619048,2727.182922857145,-4965.845361428566,7189.0
113,Av N,891270814.7142857,60073242.28571428,1700.0337171428557,-3096.3485315714297,3071.0
114,Av P,81475305.95238096,49800476.190476194,734.8285104761906,-1338.5594457142847,2602.0
115,Av U,2161252633.5238094,351802285.7619048,4641.8532999999925,-8455.627882333321,15889.0
116,Av X,88688538.83333333,76818533.1111111,764.4378433333327,-1393.181708333333,2827.0
117,Bay 50th St,74150688.38095239,53184627.47619048,730.5991379999998,-1331.7077699999998,2848.0
118,Bay Parkway,12218395533.380953,23777353399.857143,3636.7679464285666,-6627.723922285725,21499.0
119,Bay Ridge Av,1937840801.1904762,226193068.14285713,4080.911685857141,-7434.062004428588,21435.0
120,Baychester Av,99843610.23809524,10391778.333333334,739.7091400000002,-1336.126884761904,3780.0
121,Beach 105th St,741514496.4285715,11951009.476190476,1265.8096140476184,-2302.716721190476,402.0
122,Beach 25th St,3451537917.571429,5172692462.809524,1192.8686058095236,-2167.1788000476195,3274.0
123,Beach 36th St,28760227.61904762,28807818.285714287,1198.530798095238,-2177.917547619048,1724.0
124,Beach 44th St,13877302.238095239,12242342.285714285,1208.123303571429,-2195.714672619047,1391.0
125,Beach 60th St,764715542.5714285,68338714.52380952,1208.106369047618,-2196.0869642857156,3136.0
126,Beach 67th St,68509751.38095239,65211678.23809524,1179.0697842857141,-2143.624935238096,3268.0
127,Beach 90th St,38009305.809523806,38656979.333333336,1227.3048376190482,-2231.9839064285716,1236.0
128,Beach 98th St,29465644.904761903,31712677.80952381,1217.5592100000006,-2214.616739999998,771.0
129,Bedford Av,575400913.5714285,605013386.3809524,2728.059367999997,-4955.110424000002,34754.0
130,Bedford Park Blvd,2014852535.2857144,51460004.38095238,2944.819912952376,-5323.392371142859,17631.0
131,Bedford-Nostrand Avs,1606514197.4285715,231331026.0952381,1695.4011249999992,-3081.396749999998,11685.0
132,Bergen St,347760669.38095236,228592912.80952382,5095.45530238095,-9266.47462190476,22135.0
133,Beverly Rd,579518106.5714285,189444896.47619048,1732.2098926190479,-3152.2962066666687,10084.0
134,Bleecker St,195810527.42857143,72049347.61904761,2195.3207514285714,-3988.6644756190467,19802.0
135,Bliss St-46th St,357743373.61904764,214733409.76190478,2902.4631177142883,-5265.808512380949,19537.0
136,Borough Hall,1243837112.8095238,474058502.1904762,6501.226178333309,-11820.78301380948,49455.0
137,Botanic Gardens,34753108.76190476,18054114.14285714,983.8349640000005,-1789.109355238095,3177.0
138,Bowery,96763469.47619048,96028048.14285715,727.147857142857,-1321.3199107142852,7260.0
139,Bowling Green,14359377457.809525,9566200878.428572,7169.862765857124,-13037.048877857113,44506.0
140,Briarwood-Van Wyck Blvd,130244690.90476191,66683291.71428572,1954.040591999998,-3543.387551999999,6573.0
141,Brighton Beach,459038974.0,403304056.47619045,3126.409084666661,-5698.547922285721,16054.0
142,Broad Channel,8693073.61904762,1277130.761904762,765.7580605714289,-1391.9574428571423,334.0
143,Broad St,107425699.8095238,74666586.57142857,2928.927868380951,-5325.271696,8146.0
144,Broadway,493374239.4285714,260581233.80952382,2430.1808876190457,-4407.368381714283,23732.0
145,Broadway Junction-East New York,366971510.85714287,344887919.38095236,1692.9935198095231,-3075.868865904761,16382.0
146,Broadway-74th St,90452679.95238096,90770240.85714285,1212.7038095238092,-2199.1486309523816,6807.0
147,Broadway-Lafayette St,393166924.85714287,474127440.61904764,4396.392776142853,-7988.066403238097,40488.0
148,Bronx Park East,5964037774.095238,2631955010.904762,735.2789040000005,-1329.6322260000006,3093.0
149,Brook Av,152416497.19047618,157400606.2857143,1700.3152499999983,-3079.9683333333332,10536.0
150,Brooklyn Bridge-City Hall,3719414851.047619,4011676087.6666665,4141.080288000006,-7527.345981714279,29909.0
151,Buhre Av,45986449.23809524,31085434.19047619,1470.48516,-2657.972484,6344.0
152,Burke Av,57366291.47619048,22037282.38095238,741.5231731428568,-1340.1614039999997,3992.0
153,Burnside Av,20679361.333333332,10407397.57142857,1264.5116404761893,-2287.6187904761896,14582.0
154,Bushwick Av,39726799.71428572,34000725.76190476,738.1027547142857,-1340.8523747142856,2459.0
155,Canal St,23912503853.52381,32221957405.61905,14007.963456000001,-25457.79877599987,114698.0
156,Canarsie - Rockaway Parkway,369162078.95238096,142336592.76190478,2194.9193159999986,-3990.6999000000055,11134.0
157,Carroll St,286947642.9047619,179133959.3809524,2719.76882914286,-4947.097494857136,14760.0
158,Castle Hill Av,135534225.76190478,124902001.90476191,1701.4272916666664,-3077.1342500000037,11372.0
159,Cathedral Parkway-110th St,683637146.4761904,972808136.4285715,3392.2788728571372,-6149.092565142862,26064.0
160,Central Av,41314848.85714286,44539357.190476194,992.252513523809,-1802.4203459047612,8000.0
161,Chambers St,30492611484.809525,26681173311.714287,13137.086482666622,-23880.103426666552,92493.0
162,Chauncey St,44439095.809523806,20646725.095238097,732.2920740000004,-1330.388208,4648.0
163,Christopher St,257083594.19047618,161161968.0,7617.1499140000105,-13838.543421999968,40790.0
164,Church Av,8035166388.095238,10523056182.714285,8937.308721857109,-16261.289899714195,54797.0
165,City Hall,2270891822.2380953,256033989.66666666,7735.523579999989,-14061.32581999998,36571.0
166,Clark St,151858102.19047618,150521309.0952381,961.235387428571,-1747.6462217142853,7115.0
167,Classon Av,116204312.76190476,112679049.57142857,726.5870178571435,-1320.7155357142856,9646.0
168,Cleveland St,57226880.952380955,56634621.61904762,484.28508333333315,-879.5790357142856,5384.0
169,Clinton-Washington Avs,1106634443.0952382,440206443.7619048,4533.815631428585,-8242.019202857135,16801.0
170,Cortelyou Rd,53478540.85714286,20485062.19047619,725.7308392857142,-1320.7837678571432,7283.0
171,Cortlandt St,16296110430.333334,5776129660.095238,9702.70920666663,-17639.295244999954,28653.0
172,Crescent St,108348277.1904762,98040269.47619048,743.9212617142855,-1350.8349257142854,8789.0
173,Cypress Av,79607078.38095239,68960905.14285715,1468.9932480000016,-2660.9055119999975,5367.0
174,Cypress Hills,41759882.809523806,24804703.333333332,726.6060892857138,-1319.1526785714293,1899.0
175,DeKalb Av,20422023588.38095,12222095673.333334,4758.866645714279,-8652.350464000023,36902.0
176,Delancey St,528105480.0952381,428872716.6666667,4641.921653999992,-8434.644995999985,44165.0
177,Ditmars Blvd,182682017.3809524,143371257.85714287,1887.3016662857144,-3421.0712879999983,21323.0
178,Ditmas Av,458272186.0,48888799.952380955,1919.572859428571,-3494.587934476194,4628.0
179,Dyckman St,228166455.76190478,25845717.23809524,2206.4686740000006,-3991.9789440000036,16025.0
180,East 105th St,148831080.23809522,137123159.33333334,1014.3285834285716,-1843.9681019047605,5738.0
181,East 143rd St-St Mary's St,33381543.904761903,37274906.571428575,1473.0004286666685,-2667.7144764761906,1899.0
182,East 149th St,130637558.42857143,133042437.28571428,1463.4059454285725,-2649.989799714286,8281.0
183,East 180th St,191072771.95238096,146828300.19047618,1470.3081840000002,-2659.445568000001,11468.0
184,East Broadway,909905134.2380953,259510544.85714287,2673.533951666667,-4858.688027000005,19553.0
185,East Tremont Av-West Farms Sq,2643956014.904762,435077801.0,2205.3759299999997,-3989.5226459999985,10001.0
186,Eastchester-Dyre Av,12676218069.095238,13708807565.428572,5782.773857142847,-10441.789380000027,21613.0
187,Eastern Parkway-Brooklyn Museum,117566771.52380952,152880552.33333334,1210.4758035714276,-2201.32068452381,7663.0
188,Elder Av,69629963.90476191,67677386.47619048,1388.1718559999997,-2511.8914060000016,11184.0
189,Elderts Lane-75th St,70518170.57142857,61927832.71428572,1203.3005811428561,-2184.3568247142853,4864.0
190,Elmhurst Av,19190275022.666668,27843763798.285713,2933.4566880000034,-5319.505223999994,14408.0
191,Euclid Av,155637608.2857143,71682908.1904762,1952.4180960000008,-3545.861087999997,11764.0
192,Far Rockaway-Mott Av,4596730579.0,952566699.4761904,1674.4314128571405,-3041.532415714282,8003.0
193,Fisk Av-69th St,173114613.42857143,143441575.95238096,1955.8236000000013,-3547.027344000003,8605.0
194,Flatbush Av-Brooklyn College,17660233192.04762,12969866386.333334,4852.721556571412,-8831.461244571428,28182.0
195,Flushing Av,318935212.5714286,213855106.76190478,3635.8898933333376,-6605.407255999995,16642.0
196,Flushing-Main St,1191261055.9047618,1134472544.4285715,6570.059333333348,-11900.697692857102,92037.0
197,Fordham Rd,7610868588.428572,1271468597.8095238,3901.2808800000034,-7055.475559285707,25779.0
198,Forest Av,88090658.90476191,79680023.90476191,732.6796140000004,-1330.2553859999996,6473.0
199,Forest Hills-71st Av,2184488049.8095236,438976515.52380955,5753.39319985714,-10433.175895571458,34609.0
200,Forest Parkway-85th St,122153239.71428572,100204763.8095238,968.8675000000006,-1758.5716666666676,4398.0
201,Fort Hamilton Parkway,140777041.9047619,76329699.90476191,4664.02870190476,-8491.72726857142,15524.0
202,Franklin Av,4181911878.8095236,13538844010.047619,4139.734935809529,-7525.885823761886,31234.0
203,Franklin St,165012630.76190478,82342953.76190476,1960.3443094285703,-3562.902940285715,8541.0
204,Freeman St,1077714956.5714285,151166367.33333334,1469.879748000002,-2660.107140000001,7230.0
205,Fresh Pond Rd,154744056.0,75622268.04761904,1953.8969279999974,-3547.0020959999974,10218.0
206,Fulton St,26113487272.761906,26365374403.0,23422.21817099977,-42585.15754166731,147503.0
207,Gates Av,57388083.61904762,22318451.38095238,738.2261442857139,-1341.161184285714,8805.0
208,Graham Av,231084538.0952381,130871955.04761904,1465.7243400000002,-2661.9859080000006,11080.0
209,Grand Army Plaza,170363202.23809522,89304892.1904762,960.7103123809526,-1747.1256579047622,8453.0
210,Grand Av-Newtown,487436831.0952381,5889380747.428572,2907.846927857144,-5273.426537000006,26055.0
211,Grand Central-42nd St,13830577046.952381,10198051079.428572,15873.787032380807,-28815.74364952357,221230.0
212,Grand St,1911371747.2857144,8743880558.47619,3375.212531714282,-6130.033641428568,45677.0
213,Grant Av,7434785080.428572,10752259310.285715,982.0600622857147,-1783.3133499999992,9515.0
214,Greenpoint Av,125417009.42857143,79898130.61904761,2443.8811199999986,-4437.266939999997,14957.0
215,Gun Hill Rd,8141508531.380953,6459231248.190476,2427.3656642857154,-4386.248630095234,20225.0
216,Halsey St,718406996.7619047,367902751.4285714,2596.177895238092,-4716.58043142858,16563.0
217,Harlem-148th St,65243771.809523806,50430315.333333336,728.9978571428575,-1320.2941071428572,6730.0
218,Hewes St,70863518.66666667,29236553.333333332,1709.6885399999996,-3106.0441019999985,5647.0
219,High St,16374082983.428572,22022584751.04762,1453.5477500000004,-2642.5189642857117,18429.0
220,Houston St,650296360.4285715,404669895.0952381,3826.5161534761905,-6952.980432904757,21543.0
221,Howard Beach,33588486.190476194,19179884.57142857,3889.8522040000016,-7063.098795666664,7350.0
222,Hoyt & Schermerhorn,247192875.33333334,241708959.3809524,1220.6545200000003,-2219.5500299999994,18431.0
223,Hoyt St,125820636.23809524,115238764.52380952,2894.841629999998,-5263.508909999997,12336.0
224,Hunters Point,3677811384.428571,3678669281.714286,2440.6527489523846,-4429.892206095236,9452.0
225,Hunts Point Av,2130468007.6190476,850626033.1428572,2449.2568800000013,-4433.432940000003,16311.0
226,Intervale Av,65972873.428571425,59631710.571428575,734.7992579999997,-1330.141248,5736.0
227,Inwood - 207th St,1792451329.5238094,194684515.9047619,2697.292752000002,-4878.713334000004,12840.0
228,Jackson Av,801605238.8571428,9818491.38095238,1243.9311238095236,-2252.4284038095257,5579.0
229,Jackson Heights-Roosevelt Ave,920123906.6190476,685427105.9047619,5333.929731238085,-9672.72800771429,75385.0
230,Jamaica-179th St,8316893040.142858,2206153580.857143,6052.613371999993,-10969.194127333289,25409.0
231,Jamaica-Van Wyck,115513948.66666667,110303880.66666667,1723.075294,-3124.913697666668,8118.0
232,Jay St - Borough Hall,3275433975.095238,511143871.47619045,8744.977209238083,-15900.232116476245,58495.0
233,Jefferson St,167345031.33333334,76135961.66666667,1277.4120958571427,-2319.7714127142845,6142.0
234,Junction Blvd,369691986.0,451973696.1904762,3023.1984719047578,-5480.415384095233,34729.0
235,Junius St,86012892.09523809,57356144.23809524,968.1789285714284,-1759.5820714285708,4114.0
236,Kew Gardens-Union Turnpike,652794905.0952381,564075009.6190476,4848.896044809532,-8792.921476571433,44194.0
237,Kings Highway,13026344247.666666,12509496473.904762,7319.229330952354,-13330.00110428567,43861.0
238,Kingsbridge Rd,4660536547.380953,4500179136.047619,4215.136873714287,-7621.58764257141,23803.0
239,Kingston Av,1587493795.0952382,716542276.7619047,5122.407635952382,-9313.191230714292,47630.0
240,Kingston-Throop,142309851.0952381,143640849.57142857,1439.2943477619044,-2616.09797590476,11392.0
241,Knickerbocker Av,67925517.47619048,62527163.0952381,976.767936,-1774.073064,9196.0
242,Kosciusko St,79674318.1904762,40256750.571428575,732.4801560000001,-1330.718652,6515.0
243,Lafayette Av,137105966.76190478,69113809.90476191,2421.7924404761907,-4403.211071428573,6446.0
244,Lefferts Blvd,170273358.14285713,157395914.42857143,2421.7827976190456,-4394.3927380952355,11650.0
245,Lexington Av,10657105615.285715,469433927.95238096,4625.814578142851,-8393.392387142865,38965.0
246,Lexington Av-53rd St,16184517650.571428,20782975225.04762,10224.32304457139,-18555.665797142825,75799.0
247,Liberty Av,81482767.28571428,45465889.28571428,743.7630537142852,-1351.2511634285713,3635.0
248,Lincoln Av-52nd St,741682562.1904762,152203790.23809522,1466.7893640000007,-2660.8517639999995,9859.0
249,Livonia Av,76498684.8,45529955.2,1120.294246899999,-2035.9607310499996,4191.0
250,Long Island City-Court Square,19254084.19047619,5997020.19047619,970.1560476190482,-1760.5674285714279,7330.0
251,Longwood Av,94619574.28571428,93638466.04761904,1457.7180000000008,-2639.1583928571436,5433.0
252,Lorimer St,155232259.76190478,60989750.71428572,2973.3207164761866,-5401.682089142858,13640.0
253,Lowery St-40th St,344879928.6666667,210887501.85714287,1466.7761159999995,-2661.264575999999,15780.0
254,Marble Hill-225th St,47210606.23809524,4222879.714285715,1187.3086766666668,-2146.9046147619033,5501.0
255,Marcy Av,912078158.2857143,66737464.0,2698.3826537142863,-4902.3427497142875,19331.0
256,Metropolitan Av,1250783635.2380953,313674771.61904764,4571.308179428574,-8296.746626571423,20433.0
257,Mets - Willets Point,4384653465.047619,2995170440.952381,8802.998352000035,-15950.654999999986,3943.0
258,Middletown Rd,67539160.66666667,47852862.047619045,1458.7093928571446,-2637.011500000001,3512.0
259,Montrose Av,869828263.4285715,61376516.428571425,723.0469831904761,-1313.312573809524,7181.0
260,Morgan Av,48172297.28571428,18760680.523809522,1446.037590095237,-2626.387031523809,7444.0
261,Morris Park,51902178.14285714,35307812.9047619,735.378552,-1329.4889099999998,3965.0
262,Morrison Av-Soundview Av,41519252.571428575,38505319.0,1458.19717857143,-2638.3755714285717,10264.0
263,Mosholu Parkway,167813045.23809522,86966981.61904761,2172.466714285717,-3926.441665714283,9558.0
264,Mt Eden Av,70539015.09523809,50875711.571428575,962.7616585714283,-1742.2747178571426,7052.0
265,Myrtle Av,251481339.33333334,205103480.85714287,992.2366659047624,-1802.6217325714288,16960.0
266,Myrtle-Willoughby Avs,10393642429.952381,3638847189.952381,4823.275226285704,-8764.722642571414,33897.0
267,Nassau Av,72202984.0,56638790.14285714,3393.7195833333362,-6162.606416666676,18510.0
268,Neck Rd,1070074023.0476191,109753756.71428572,1691.468583333334,-3081.465041666665,5082.0
269,Neptune Av-Van Siclen,47771035.428571425,18746904.76190476,730.458198,-1331.5423320000007,1566.0
270,Nevins St,151019523.66666666,167346965.76190478,2290.1669891428573,-4164.044835428572,17488.0
271,New Lots Av,325200948.38095236,279795928.0,2176.210280571428,-3955.368417523816,17153.0
272,New Utrecht Av,33709038.0,21347798.57142857,1512.7917354285705,-2755.483240285715,5955.0
273,Newkirk Av,576007771.0476191,393090531.6666667,3486.8770363809454,-6346.712046952376,28382.0
274,Northern Blvd,143723885.6190476,130318128.85714285,2200.655790000002,-3990.9243240000055,10931.0
275,Norwood Av,75033886.76190476,81482758.52380952,728.3909600000005,-1322.8045078095242,5578.0
276,Norwood-205th St,2174784077.8095236,1349557104.142857,1971.7230258571417,-3563.775243571426,12337.0
277,Nostrand Av,317635178.38095236,330227071.6666667,2467.9465720000003,-4486.325843999995,33669.0
278,Ocean Parkway,109166904.09523809,90931980.47619048,1681.01864,-3064.409327142855,4261.0
279,Park Place,133779515.95238096,139473821.9047619,2196.437688000001,-3993.711696,8135.0
280,Parkchester-East 177th St,1621234664.3809524,1963491739.2380953,2986.6588160000033,-5402.391113142857,27754.0
281,Parkside Av,238464688.3809524,208825310.42857143,731.7952560000007,-1331.3069099999998,9271.0
282,Parsons Blvd,171404998.3809524,174745834.47619048,2686.6992239999986,-4871.019516000005,12378.0
283,Parsons Blvd-Archer Av - Jamaica Center,8051014220.238095,564423701.8571428,7491.133245476186,-13582.91839452381,70538.0
284,Pelham Bay Park,1098820886.4761906,127492791.0,2241.049344000001,-4049.9997805714283,9237.0
285,Pelham Parkway,4885109965.047619,1200550656.2380953,2947.5545657142834,-5329.020796428576,14879.0
286,Pennsylvania Av,38529535.38095238,13952900.0,979.824062380952,-1780.5150890476182,6011.0
287,President St,94190983.42857143,106085724.71428572,714.592801285714,-1299.419144142857,7598.0
288,Prince St,423716582.38095236,268726476.9047619,2431.82421742857,-4418.719919428576,21260.0
289,Prospect Av,345824933.4285714,214498202.23809522,3162.2200505714322,-5753.826665523802,17474.0
290,Prospect Park,9451692563.571428,4851400143.571428,1965.3113433333353,-3574.8418900000024,16662.0
291,Prospect Park-15 St,807348643.4285715,44001940.571428575,2892.6945385714303,-5263.112501999994,8775.0
292,Queens Plaza,583285325.6666666,277540415.47619045,5863.971257428569,-10639.921349809547,22432.0
293,Queensboro Plaza,170469804.0,51246466.047619045,1465.080448095237,-2658.3263099999986,17052.0
294,Ralph Av,166412852.9047619,121029802.76190476,1005.3480294285712,-1826.8994254285706,7766.0
295,Rawson St-33rd St,910526677.3809524,209840044.80952382,2405.870851428571,-4365.449346666665,15795.0
296,Rector St,935454211.0952381,212372909.33333334,4813.144155238089,-8751.196580285727,18743.0
297,Rockaway Av,211311982.3809524,161773091.33333334,3155.476945714283,-5733.455239714295,17320.0
298,Rockaway Blvd,1628325790.6666667,80462691.1904762,2208.3661457142857,-4008.666305714282,8772.0
299,Rockaway Park-Beach 116th,635188059.7619047,70449024.8095238,1217.4270900000006,-2215.0677599999985,1214.0
300,Roosevelt Island,88368872.47619048,76239169.33333333,1467.3292199999999,-2662.3173600000014,12882.0
301,Saratoga Av,552262150.8095238,226378989.57142857,1268.250081666667,-2305.485437380951,9153.0
302,Seneca Av,42990577.85714286,46352734.666666664,984.6191950476191,-1787.8634247619061,6195.0
303,Sheepshead Bay,304409887.04761904,273722414.9047619,2197.490512000001,-4004.089249285712,22149.0
304,Shepherd Av,49754384.190476194,56348680.0952381,596.5539066666669,-1083.5843333333335,3827.0
305,Simpson St,4854383251.095238,3012983770.952381,2461.108400857141,-4454.696143999998,9841.0
306,Smith-9th St,71083158.09523809,64245544.9047619,1464.2488799999992,-2663.8545240000003,8991.0
307,South Ferry,968046837.8095238,155682033.14285713,13460.755345714311,-24477.376022856966,33367.0
308,Spring St,3064489664.571429,749311493.5714285,3382.216185142863,-6145.834324571413,33658.0
309,St Lawrence Av,88784328.33333333,58234528.190476194,1458.2681785714299,-2638.129214285715,6896.0
310,Steinway St,365006726.38095236,270856473.14285713,2165.936998285716,-3928.3593257142875,24353.0
311,Sterling St,102789975.76190476,55622289.28571428,731.929356,-1331.115299999999,8599.0
312,Stillwell Av,3951839387.6666665,2007106086.4285715,4869.290639999997,-8877.747960000028,19493.0
313,Sutphin Blvd,601244236.3333334,54980404.952380955,2473.341283809523,-4484.879209904761,6529.0
314,Sutphin Blvd-Archer Av - JFK,1014712608.0476191,530079852.61904764,3199.8334469523847,-5802.712229476196,35677.0
315,Sutter Av,128009663.76190476,101571286.90476191,1940.5097968571415,-3526.1799499999947,17263.0
316,Times Square-42nd St,34373466053.0,26798447245.809525,11997.399157333259,-21780.291106095265,160813.0
317,Tremont Av,1454708411.6666667,1119771585.0952382,2275.9514142857147,-4117.576932857147,12947.0
318,Union St,156527189.9047619,162102860.66666666,1487.6275565714293,-2705.668022857143,11895.0
319,Utica Av,1224531547.4761906,340884955.7619048,3172.9903920000047,-5766.596861999995,25624.0
320,Van Cortlandt Park-242nd St,3786774161.428571,3707115840.3809524,967.7122026666659,-1748.9331309999993,9028.0
321,Van Siclen Av,259223120.04761904,238509395.14285713,2450.366683809524,-4451.09453904762,14911.0
322,Vernon Blvd-Jackson Av,275277044.28571427,191510034.66666666,3160.463702571432,-5736.68492614286,21383.0
323,Wakefield-241st St,127243031.38095239,131665952.14285715,1227.0937500000005,-2215.518600000001,8745.0
324,Wall St,3468871215.0,2173411931.7619047,12101.556357285674,-22001.848157142744,65675.0
325,West 4th St,1490430254.4761906,679364939.2380953,4705.554856571418,-8548.819089047636,70278.0
326,West 8th St,78446930.42857143,81713677.76190476,1901.2813794285726,-3466.301141714283,2863.0
327,Westchester Square-East Tremont Av,173356589.95238096,160125930.3809524,729.2837857142855,-1318.624142857143,9923.0
328,Whitehall St,1790206365.5714285,469552892.04761904,3860.9785382857103,-7020.661145142851,27449.0
329,Whitlock Av,45683003.190476194,34975317.23809524,1399.7665714285704,-2533.243988571429,3391.0
330,Wilson Av,107246663.33333333,96626941.33333333,1162.5361142857141,-2111.5441714285735,5902.0
331,Winthrop St,160336862.0,34806221.952380955,944.7831512380951,-1718.4617904761901,7556.0
332,Woodhaven Blvd,609419597.6190476,273250166.85714287,4675.920477476188,-8485.897756571425,32929.0
333,Woodlawn,194321967.76190478,76328332.76190476,1323.9288171428568,-2392.2643180952377,6976.0
334,Woodside Av-61st St,11395086732.095238,13011138958.333334,2929.8048238095193,-5313.976468571431,29667.0
335,World Trade Center,14546133268.333334,11702793493.52381,58407.045614952534,-106175.84153271516,318639.0
336,Yankee Stadium-161st St,12330780989.0,8092649584.142858,6882.418271428588,-12461.752597142811,29829.0
337,York St,261454980.33333334,213282372.2857143,767.4808680000002,-1395.1812600000003,14587.0
338,Zerega Av,10093845.38095238,4404691.428571428,1470.1135680000002,-2658.4932960000015,4302.0
